bookmaker,market,team,side,line,odds,event_name,implied_prob,fair_prob_over,fair_prob_under,fair_prob,ev,flag,fair_prob_arsenal,fair_prob_brentford,fair_prob_aston villa,fair_prob_newcastle united,fair_prob_bournemouth,fair_prob_fulham,fair_prob_brighton and hove albion,fair_prob_crystal palace,fair_prob_chelsea,fair_prob_leicester city,fair_prob_liverpool,fair_prob_manchester city,fair_prob_manchester united,fair_prob_everton,fair_prob_nottingham forest,fair_prob_southampton,fair_prob_tottenham hotspur,fair_prob_west ham united,fair_prob_wolverhampton wanderers,sport
BetUS,totals,Under,under,2.5,2.18,Arsenal vs Brentford,0.4587155963302752,0.42084942084942084,0.5791505791505791,0.5791505791505791,0.26254826254826247,ðŸ”¥ VALUE,,,,,,,,,,,,,,,,,,,,soccer_epl
betPARX,totals,Over,over,3.5,3.0,Arsenal vs Brentford,0.3333333333333333,0.42084942084942084,0.5791505791505791,0.42084942084942084,0.26254826254826247,ðŸ”¥ VALUE,,,,,,,,,,,,,,,,,,,,soccer_epl
Bally Bet,totals,Over,over,3.5,3.0,Arsenal vs Brentford,0.3333333333333333,0.42084942084942084,0.5791505791505791,0.42084942084942084,0.26254826254826247,ðŸ”¥ VALUE,,,,,,,,,,,,,,,,,,,,soccer_epl
Wind Creek,totals,Under,under,2.5,2.15,Arsenal vs Brentford,0.46511627906976744,0.42084942084942084,0.5791505791505791,0.5791505791505791,0.24517374517374502,ðŸ”¥ VALUE,,,,,,,,,,,,,,,,,,,,soccer_epl
Wind Creek,totals,Under,under,2.5,2.35,Tottenham Hotspur vs Nottingham Forest,0.425531914893617,0.47474747474747475,0.5252525252525253,0.5252525252525253,0.23434343434343452,ðŸ”¥ VALUE,,,,,,,,,,,,,,,,,,,,soccer_epl
Bally Bet,totals,Over,over,3.5,2.6,Tottenham Hotspur vs Nottingham Forest,0.3846153846153846,0.47474747474747475,0.5252525252525253,0.47474747474747475,0.2343434343434343,ðŸ”¥ VALUE,,,,,,,,,,,,,,,,,,,,soccer_epl
betPARX,totals,Over,over,3.5,2.6,Tottenham Hotspur vs Nottingham Forest,0.3846153846153846,0.47474747474747475,0.5252525252525253,0.47474747474747475,0.2343434343434343,ðŸ”¥ VALUE,,,,,,,,,,,,,,,,,,,,soccer_epl
BetRivers,totals,Under,under,2.5,2.33,Tottenham Hotspur vs Nottingham Forest,0.4291845493562232,0.47474747474747475,0.5252525252525253,0.5252525252525253,0.22383838383838395,ðŸ”¥ VALUE,,,,,,,,,,,,,,,,,,,,soccer_epl
betPARX,totals,Over,over,3.5,2.55,Brentford vs Brighton and Hove Albion,0.3921568627450981,0.47959183673469385,0.520408163265306,0.47959183673469385,0.22295918367346923,ðŸ”¥ VALUE,,,,,,,,,,,,,,,,,,,,soccer_epl
Wind Creek,totals,Under,under,2.5,2.35,Brentford vs Brighton and Hove Albion,0.425531914893617,0.47959183673469385,0.520408163265306,0.520408163265306,0.22295918367346923,ðŸ”¥ VALUE,,,,,,,,,,,,,,,,,,,,soccer_epl
Bally Bet,totals,Over,over,3.5,2.55,Brentford vs Brighton and Hove Albion,0.3921568627450981,0.47959183673469385,0.520408163265306,0.47959183673469385,0.22295918367346923,ðŸ”¥ VALUE,,,,,,,,,,,,,,,,,,,,soccer_epl
BetRivers,totals,Under,under,2.5,2.4,Southampton vs Aston Villa,0.4166666666666667,0.4918032786885246,0.5081967213114754,0.5081967213114754,0.21967213114754092,ðŸ”¥ VALUE,,,,,,,,,,,,,,,,,,,,soccer_epl
Bally Bet,totals,Over,over,3.5,2.48,Southampton vs Aston Villa,0.40322580645161293,0.4918032786885246,0.5081967213114754,0.4918032786885246,0.21967213114754092,ðŸ”¥ VALUE,,,,,,,,,,,,,,,,,,,,soccer_epl
betPARX,totals,Over,over,3.5,2.48,Southampton vs Aston Villa,0.40322580645161293,0.4918032786885246,0.5081967213114754,0.4918032786885246,0.21967213114754092,ðŸ”¥ VALUE,,,,,,,,,,,,,,,,,,,,soccer_epl
BetRivers,totals,Under,under,2.5,2.33,Brentford vs Brighton and Hove Albion,0.4291845493562232,0.47959183673469385,0.520408163265306,0.520408163265306,0.2125510204081631,ðŸ”¥ VALUE,,,,,,,,,,,,,,,,,,,,soccer_epl
BetRivers,totals,Under,under,2.5,2.08,Arsenal vs Brentford,0.4807692307692307,0.42084942084942084,0.5791505791505791,0.5791505791505791,0.20463320463320467,ðŸ”¥ VALUE,,,,,,,,,,,,,,,,,,,,soccer_epl
BetMGM,totals,Over,over,2.5,2.35,Arsenal vs Real Madrid,0.425531914893617,0.5104166666666667,0.4895833333333333,0.5104166666666667,0.19947916666666687,ðŸ”¥ VALUE,,,,,,,,,,,,,,,,,,,,soccer_uefa_champs_league
Bally Bet,totals,Under,under,1.5,2.45,Arsenal vs Real Madrid,0.4081632653061224,0.5104166666666667,0.4895833333333333,0.4895833333333333,0.19947916666666665,ðŸ”¥ VALUE,,,,,,,,,,,,,,,,,,,,soccer_uefa_champs_league
Fliff,totals,Under,under,1.5,2.45,Arsenal vs Real Madrid,0.4081632653061224,0.5104166666666667,0.4895833333333333,0.4895833333333333,0.19947916666666665,ðŸ”¥ VALUE,,,,,,,,,,,,,,,,,,,,soccer_uefa_champs_league
betPARX,totals,Under,under,1.5,2.45,Arsenal vs Real Madrid,0.4081632653061224,0.5104166666666667,0.4895833333333333,0.4895833333333333,0.19947916666666665,ðŸ”¥ VALUE,,,,,,,,,,,,,,,,,,,,soccer_uefa_champs_league
Wind Creek,totals,Under,under,2.5,2.35,Southampton vs Aston Villa,0.425531914893617,0.4918032786885246,0.5081967213114754,0.5081967213114754,0.19426229508196724,ðŸ”¥ VALUE,,,,,,,,,,,,,,,,,,,,soccer_epl
MyBookie.ag,totals,Under,under,2.5,2.06,Arsenal vs Brentford,0.4854368932038835,0.42084942084942084,0.5791505791505791,0.5791505791505791,0.1930501930501929,ðŸ”¥ VALUE,,,,,,,,,,,,,,,,,,,,soccer_epl
Wind Creek,totals,Under,under,2.5,2.35,Brighton and Hove Albion vs Leicester City,0.425531914893617,0.49473684210526314,0.5052631578947369,0.5052631578947369,0.18736842105263163,ðŸ”¥ VALUE,,,,,,,,,,,,,,,,,,,,soccer_epl
Bally Bet,totals,Over,over,3.5,2.4,Brighton and Hove Albion vs Leicester City,0.4166666666666667,0.49473684210526314,0.5052631578947369,0.49473684210526314,0.1873684210526314,ðŸ”¥ VALUE,,,,,,,,,,,,,,,,,,,,soccer_epl
betPARX,totals,Over,over,3.5,2.4,Brighton and Hove Albion vs Leicester City,0.4166666666666667,0.49473684210526314,0.5052631578947369,0.49473684210526314,0.1873684210526314,ðŸ”¥ VALUE,,,,,,,,,,,,,,,,,,,,soccer_epl
BetRivers,totals,Over,over,3.5,2.4,Brighton and Hove Albion vs Leicester City,0.4166666666666667,0.49473684210526314,0.5052631578947369,0.49473684210526314,0.1873684210526314,ðŸ”¥ VALUE,,,,,,,,,,,,,,,,,,,,soccer_epl
Fliff,totals,Under,under,2.5,2.05,Arsenal vs Brentford,0.48780487804878053,0.42084942084942084,0.5791505791505791,0.5791505791505791,0.187258687258687,ðŸ”¥ VALUE,,,,,,,,,,,,,,,,,,,,soccer_epl
Fliff,totals,Over,over,3.5,2.3,Manchester City vs Crystal Palace,0.4347826086956522,0.5157894736842106,0.4842105263157894,0.5157894736842106,0.1863157894736842,ðŸ”¥ VALUE,,,,,,,,,,,,,,,,,,,,soccer_epl
betPARX,totals,Under,under,2.5,2.45,Manchester City vs Crystal Palace,0.4081632653061224,0.5157894736842106,0.4842105263157894,0.4842105263157894,0.1863157894736842,ðŸ”¥ VALUE,,,,,,,,,,,,,,,,,,,,soccer_epl
BetRivers,totals,Under,under,2.5,2.45,Manchester City vs Crystal Palace,0.4081632653061224,0.5157894736842106,0.4842105263157894,0.4842105263157894,0.1863157894736842,ðŸ”¥ VALUE,,,,,,,,,,,,,,,,,,,,soccer_epl
Bally Bet,totals,Under,under,2.5,2.45,Manchester City vs Crystal Palace,0.4081632653061224,0.5157894736842106,0.4842105263157894,0.4842105263157894,0.1863157894736842,ðŸ”¥ VALUE,,,,,,,,,,,,,,,,,,,,soccer_epl
MyBookie.ag,totals,Under,under,2.5,2.27,Brentford vs Brighton and Hove Albion,0.44052863436123346,0.47959183673469385,0.520408163265306,0.520408163265306,0.18132653061224469,ðŸ”¥ VALUE,,,,,,,,,,,,,,,,,,,,soccer_epl
MyBookie.ag,totals,Under,under,2.5,2.21,Tottenham Hotspur vs Nottingham Forest,0.45248868778280543,0.47474747474747475,0.5252525252525253,0.5252525252525253,0.16080808080808096,ðŸ”¥ VALUE,,,,,,,,,,,,,,,,,,,,soccer_epl
Fliff,totals,Under,under,2.5,2.2,Tottenham Hotspur vs Nottingham Forest,0.45454545454545453,0.47474747474747475,0.5252525252525253,0.5252525252525253,0.15555555555555567,ðŸ”¥ VALUE,,,,,,,,,,,,,,,,,,,,soccer_epl
BetRivers,totals,Under,under,1.5,2.35,Arsenal vs Real Madrid,0.425531914893617,0.5104166666666667,0.4895833333333333,0.4895833333333333,0.15052083333333344,ðŸ”¥ VALUE,,,,,,,,,,,,,,,,,,,,soccer_uefa_champs_league
MyBookie.ag,totals,Under,under,2.5,2.27,Brighton and Hove Albion vs Leicester City,0.44052863436123346,0.49473684210526314,0.5052631578947369,0.5052631578947369,0.14694736842105272,ðŸ”¥ VALUE,,,,,,,,,,,,,,,,,,,,soccer_epl
Fliff,totals,Under,under,2.5,2.2,Brentford vs Brighton and Hove Albion,0.45454545454545453,0.47959183673469385,0.520408163265306,0.520408163265306,0.14489795918367343,ðŸ”¥ VALUE,,,,,,,,,,,,,,,,,,,,soccer_epl
Wind Creek,totals,Under,under,2.5,2.35,Manchester City vs Crystal Palace,0.425531914893617,0.5157894736842106,0.4842105263157894,0.4842105263157894,0.1378947368421053,ðŸ”¥ VALUE,,,,,,,,,,,,,,,,,,,,soccer_epl
Fliff,totals,Under,under,2.5,2.25,Brighton and Hove Albion vs Leicester City,0.4444444444444444,0.49473684210526314,0.5052631578947369,0.5052631578947369,0.13684210526315788,ðŸ”¥ VALUE,,,,,,,,,,,,,,,,,,,,soccer_epl
MyBookie.ag,totals,Under,under,2.5,2.23,Southampton vs Aston Villa,0.4484304932735426,0.4918032786885246,0.5081967213114754,0.5081967213114754,0.13327868852459024,ðŸ”¥ VALUE,,,,,,,,,,,,,,,,,,,,soccer_epl
MyBookie.ag,totals,Under,under,2.5,2.31,Manchester City vs Crystal Palace,0.4329004329004329,0.5157894736842106,0.4842105263157894,0.4842105263157894,0.11852631578947359,ðŸ”¥ VALUE,,,,,,,,,,,,,,,,,,,,soccer_epl
Fliff,totals,Under,under,2.5,2.2,Southampton vs Aston Villa,0.45454545454545453,0.4918032786885246,0.5081967213114754,0.5081967213114754,0.11803278688524599,ðŸ”¥ VALUE,,,,,,,,,,,,,,,,,,,,soccer_epl
BetUS,spreads,Tottenham Hotspur,tottenham hotspur,0.0,2.25,Wolverhampton Wanderers vs Tottenham Hotspur,0.4444444444444444,,,0.4955156950672646,0.11491031390134543,ðŸ”¥ VALUE,,,,,,,,,,,,,,,,,0.4955156950672646,,0.5044843049327354,soccer_epl
MyBookie.ag,spreads,Wolverhampton Wanderers,wolverhampton wanderers,-0.5,2.21,Wolverhampton Wanderers vs Tottenham Hotspur,0.45248868778280543,,,0.5044843049327354,0.1149103139013452,ðŸ”¥ VALUE,,,,,,,,,,,,,,,,,0.4955156950672646,,0.5044843049327354,soccer_epl
LowVig.ag,totals,Under,under,2.75,1.92,Arsenal vs Brentford,0.5208333333333334,0.42084942084942084,0.5791505791505791,0.5791505791505791,0.11196911196911175,ðŸ”¥ VALUE,,,,,,,,,,,,,,,,,,,,soccer_epl
BetOnline.ag,totals,Under,under,2.75,1.92,Arsenal vs Brentford,0.5208333333333334,0.42084942084942084,0.5791505791505791,0.5791505791505791,0.11196911196911175,ðŸ”¥ VALUE,,,,,,,,,,,,,,,,,,,,soccer_epl
betPARX,totals,Under,under,2.5,2.35,Wolverhampton Wanderers vs Tottenham Hotspur,0.425531914893617,0.5280898876404494,0.47191011235955055,0.47191011235955055,0.10898876404494384,ðŸ”¥ VALUE,,,,,,,,,,,,,,,,,,,,soccer_epl
BetRivers,totals,Under,under,2.5,2.35,Wolverhampton Wanderers vs Tottenham Hotspur,0.425531914893617,0.5280898876404494,0.47191011235955055,0.47191011235955055,0.10898876404494384,ðŸ”¥ VALUE,,,,,,,,,,,,,,,,,,,,soccer_epl
BetUS,totals,Over,over,3.0,2.1,Wolverhampton Wanderers vs Tottenham Hotspur,0.47619047619047616,0.5280898876404494,0.47191011235955055,0.5280898876404494,0.10898876404494384,ðŸ”¥ VALUE,,,,,,,,,,,,,,,,,,,,soccer_epl
Bally Bet,totals,Under,under,2.5,2.35,Wolverhampton Wanderers vs Tottenham Hotspur,0.425531914893617,0.5280898876404494,0.47191011235955055,0.47191011235955055,0.10898876404494384,ðŸ”¥ VALUE,,,,,,,,,,,,,,,,,,,,soccer_epl
Bovada,totals,Under,under,2.75,1.91,Arsenal vs Brentford,0.5235602094240838,0.42084942084942084,0.5791505791505791,0.5791505791505791,0.10617760617760608,ðŸ”¥ VALUE,,,,,,,,,,,,,,,,,,,,soccer_epl
BetAnySports,totals,Under,under,2.75,1.91,Arsenal vs Brentford,0.5235602094240838,0.42084942084942084,0.5791505791505791,0.5791505791505791,0.10617760617760608,ðŸ”¥ VALUE,,,,,,,,,,,,,,,,,,,,soccer_epl
betPARX,totals,Over,over,3.5,2.38,Paris Saint Germain vs Aston Villa,0.42016806722689076,0.46031746031746024,0.5396825396825397,0.46031746031746024,0.0955555555555554,ðŸ”¥ VALUE,,,,,,,,,,,,,,,,,,,,soccer_uefa_champs_league
LowVig.ag,totals,Under,under,3.0,2.03,Paris Saint Germain vs Aston Villa,0.4926108374384237,0.46031746031746024,0.5396825396825397,0.5396825396825397,0.0955555555555554,ðŸ”¥ VALUE,,,,,,,,,,,,,,,,,,,,soccer_uefa_champs_league
Bally Bet,totals,Over,over,3.5,2.38,Paris Saint Germain vs Aston Villa,0.42016806722689076,0.46031746031746024,0.5396825396825397,0.46031746031746024,0.0955555555555554,ðŸ”¥ VALUE,,,,,,,,,,,,,,,,,,,,soccer_uefa_champs_league
BetRivers,totals,Over,over,3.5,2.38,Paris Saint Germain vs Aston Villa,0.42016806722689076,0.46031746031746024,0.5396825396825397,0.46031746031746024,0.0955555555555554,ðŸ”¥ VALUE,,,,,,,,,,,,,,,,,,,,soccer_uefa_champs_league
BetOnline.ag,totals,Under,under,3.0,2.03,Paris Saint Germain vs Aston Villa,0.4926108374384237,0.46031746031746024,0.5396825396825397,0.5396825396825397,0.0955555555555554,ðŸ”¥ VALUE,,,,,,,,,,,,,,,,,,,,soccer_uefa_champs_league
Bovada,totals,Under,under,3.0,2.02,Paris Saint Germain vs Aston Villa,0.49504950495049505,0.46031746031746024,0.5396825396825397,0.5396825396825397,0.0901587301587301,ðŸ”¥ VALUE,,,,,,,,,,,,,,,,,,,,soccer_uefa_champs_league
BetUS,totals,Under,under,3.0,2.11,Chelsea vs Ipswich Town,0.47393364928909953,0.48394495412844035,0.5160550458715597,0.5160550458715597,0.08887614678899092,ðŸ”¥ VALUE,,,,,,,,,,,,,,,,,,,,soccer_epl
Wind Creek,totals,Over,over,3.5,2.25,Chelsea vs Ipswich Town,0.4444444444444444,0.48394495412844035,0.5160550458715597,0.48394495412844035,0.0888761467889907,ðŸ”¥ VALUE,,,,,,,,,,,,,,,,,,,,soccer_epl
Bally Bet,totals,Under,under,2.5,2.32,Newcastle United vs Manchester United,0.4310344827586207,0.5308924485125858,0.4691075514874142,0.4691075514874142,0.08832951945080092,ðŸ”¥ VALUE,,,,,,,,,,,,,,,,,,,,soccer_epl
betPARX,totals,Under,under,2.5,2.32,Newcastle United vs Manchester United,0.4310344827586207,0.5308924485125858,0.4691075514874142,0.4691075514874142,0.08832951945080092,ðŸ”¥ VALUE,,,,,,,,,,,,,,,,,,,,soccer_epl
BetRivers,totals,Under,under,2.5,2.32,Newcastle United vs Manchester United,0.4310344827586207,0.5308924485125858,0.4691075514874142,0.4691075514874142,0.08832951945080092,ðŸ”¥ VALUE,,,,,,,,,,,,,,,,,,,,soccer_epl
BetUS,totals,Over,over,3.0,2.05,Newcastle United vs Manchester United,0.48780487804878053,0.5308924485125858,0.4691075514874142,0.5308924485125858,0.0883295194508007,ðŸ”¥ VALUE,,,,,,,,,,,,,,,,,,,,soccer_epl
Wind Creek,totals,Over,over,3.5,2.35,Liverpool vs West Ham United,0.425531914893617,0.4622425629290618,0.5377574370709383,0.4622425629290618,0.08627002288329533,ðŸ”¥ VALUE,,,,,,,,,,,,,,,,,,,,soccer_epl
LowVig.ag,totals,Under,under,3.0,2.02,Liverpool vs West Ham United,0.49504950495049505,0.4622425629290618,0.5377574370709383,0.5377574370709383,0.08627002288329533,ðŸ”¥ VALUE,,,,,,,,,,,,,,,,,,,,soccer_epl
BetOnline.ag,totals,Under,under,3.0,2.02,Liverpool vs West Ham United,0.49504950495049505,0.4622425629290618,0.5377574370709383,0.5377574370709383,0.08627002288329533,ðŸ”¥ VALUE,,,,,,,,,,,,,,,,,,,,soccer_epl
Bovada,spreads,Nottingham Forest,nottingham forest,0.0,2.08,Tottenham Hotspur vs Nottingham Forest,0.4807692307692307,,,0.5218390804597701,0.08542528735632193,ðŸ”¥ VALUE,,,,,,,,,,,,,,,0.5218390804597701,,0.4781609195402299,,,soccer_epl
MyBookie.ag,spreads,Tottenham Hotspur,tottenham hotspur,-0.5,2.27,Tottenham Hotspur vs Nottingham Forest,0.44052863436123346,,,0.4781609195402299,0.08542528735632193,ðŸ”¥ VALUE,,,,,,,,,,,,,,,0.5218390804597701,,0.4781609195402299,,,soccer_epl
Bovada,totals,Over,over,2.0,1.98,Bayern MÃ¼nchen vs Internazionale Milano,0.5050505050505051,0.5479452054794521,0.452054794520548,0.5479452054794521,0.08493150684931527,ðŸ”¥ VALUE,,,,,,,,,,,,,,,,,,,,soccer_uefa_champs_league
betPARX,totals,Under,under,1.5,2.4,Bayern MÃ¼nchen vs Internazionale Milano,0.4166666666666667,0.5479452054794521,0.452054794520548,0.452054794520548,0.08493150684931505,ðŸ”¥ VALUE,,,,,,,,,,,,,,,,,,,,soccer_uefa_champs_league
Fliff,totals,Under,under,1.5,2.4,Bayern MÃ¼nchen vs Internazionale Milano,0.4166666666666667,0.5479452054794521,0.452054794520548,0.452054794520548,0.08493150684931505,ðŸ”¥ VALUE,,,,,,,,,,,,,,,,,,,,soccer_uefa_champs_league
Bally Bet,totals,Under,under,1.5,2.4,Bayern MÃ¼nchen vs Internazionale Milano,0.4166666666666667,0.5479452054794521,0.452054794520548,0.452054794520548,0.08493150684931505,ðŸ”¥ VALUE,,,,,,,,,,,,,,,,,,,,soccer_uefa_champs_league
MyBookie.ag,spreads,Southampton,southampton,0.5,2.34,Southampton vs Aston Villa,0.4273504273504274,,,0.463302752293578,0.08412844036697242,ðŸ”¥ VALUE,,,0.536697247706422,,,,,,,,,,,,,0.463302752293578,,,,soccer_epl
BetOnline.ag,spreads,Aston Villa,aston villa,-1.0,2.02,Southampton vs Aston Villa,0.49504950495049505,,,0.536697247706422,0.08412844036697242,ðŸ”¥ VALUE,,,0.536697247706422,,,,,,,,,,,,,0.463302752293578,,,,soccer_epl
LowVig.ag,spreads,Aston Villa,aston villa,-1.0,2.02,Southampton vs Aston Villa,0.49504950495049505,,,0.536697247706422,0.08412844036697242,ðŸ”¥ VALUE,,,0.536697247706422,,,,,,,,,,,,,0.463302752293578,,,,soccer_epl
BetUS,totals,Under,under,3.0,2.0,Paris Saint Germain vs Aston Villa,0.5,0.46031746031746024,0.5396825396825397,0.5396825396825397,0.0793650793650793,ðŸ”¥ VALUE,,,,,,,,,,,,,,,,,,,,soccer_uefa_champs_league
Bovada,spreads,Brighton and Hove Albion,brighton and hove albion,0.0,1.98,Brentford vs Brighton and Hove Albion,0.5050505050505051,,,0.5448275862068966,0.07875862068965533,ðŸ”¥ VALUE,,0.4551724137931034,,,,,0.5448275862068966,,,,,,,,,,,,,soccer_epl
MyBookie.ag,spreads,Brentford,brentford,-0.5,2.37,Brentford vs Brighton and Hove Albion,0.42194092827004215,,,0.4551724137931034,0.07875862068965511,ðŸ”¥ VALUE,,0.4551724137931034,,,,,0.5448275862068966,,,,,,,,,,,,,soccer_epl
betPARX,totals,Over,over,3.5,2.33,Liverpool vs West Ham United,0.4291845493562232,0.4622425629290618,0.5377574370709383,0.4622425629290618,0.07702517162471412,ðŸ”¥ VALUE,,,,,,,,,,,,,,,,,,,,soccer_epl
BetRivers,totals,Over,over,3.5,2.33,Liverpool vs West Ham United,0.4291845493562232,0.4622425629290618,0.5377574370709383,0.4622425629290618,0.07702517162471412,ðŸ”¥ VALUE,,,,,,,,,,,,,,,,,,,,soccer_epl
Bally Bet,totals,Over,over,3.5,2.33,Liverpool vs West Ham United,0.4291845493562232,0.4622425629290618,0.5377574370709383,0.4622425629290618,0.07702517162471412,ðŸ”¥ VALUE,,,,,,,,,,,,,,,,,,,,soccer_epl
Bovada,totals,Under,under,3.0,2.0,Liverpool vs West Ham United,0.5,0.4622425629290618,0.5377574370709383,0.5377574370709383,0.07551487414187652,ðŸ”¥ VALUE,,,,,,,,,,,,,,,,,,,,soccer_epl
Bovada,totals,Over,over,3.0,2.02,Newcastle United vs Manchester United,0.49504950495049505,0.5308924485125858,0.4691075514874142,0.5308924485125858,0.07240274599542329,ðŸ”¥ VALUE,,,,,,,,,,,,,,,,,,,,soccer_epl
BetUS,spreads,Brentford,brentford,1.0,1.95,Arsenal vs Brentford,0.5128205128205129,,,0.5465116279069767,0.06569767441860463,ðŸ”¥ VALUE,0.4534883720930232,0.5465116279069767,,,,,,,,,,,,,,,,,,soccer_epl
MyBookie.ag,spreads,Arsenal,arsenal,-1.5,2.35,Arsenal vs Brentford,0.425531914893617,,,0.4534883720930232,0.06569767441860441,ðŸ”¥ VALUE,0.4534883720930232,0.5465116279069767,,,,,,,,,,,,,,,,,,soccer_epl
LowVig.ag,spreads,Crystal Palace,crystal palace,1.0,2.0,Manchester City vs Crystal Palace,0.5,,,0.5327102803738317,0.06542056074766345,ðŸ”¥ VALUE,,,,,,,,0.5327102803738317,,,,0.4672897196261682,,,,,,,,soccer_epl
BetOnline.ag,spreads,Crystal Palace,crystal palace,1.0,2.0,Manchester City vs Crystal Palace,0.5,,,0.5327102803738317,0.06542056074766345,ðŸ”¥ VALUE,,,,,,,,0.5327102803738317,,,,0.4672897196261682,,,,,,,,soccer_epl
MyBookie.ag,spreads,Manchester City,manchester city,-1.5,2.28,Manchester City vs Crystal Palace,0.4385964912280702,,,0.4672897196261682,0.06542056074766345,ðŸ”¥ VALUE,,,,,,,,0.5327102803738317,,,,0.4672897196261682,,,,,,,,soccer_epl
BetUS,totals,Under,under,3.0,1.98,Liverpool vs West Ham United,0.5050505050505051,0.4622425629290618,0.5377574370709383,0.5377574370709383,0.06475972540045771,ðŸ”¥ VALUE,,,,,,,,,,,,,,,,,,,,soccer_epl
BetAnySports,spreads,Aston Villa,aston villa,-1.0,1.98,Southampton vs Aston Villa,0.5050505050505051,,,0.536697247706422,0.06266055045871566,ðŸ”¥ VALUE,,,0.536697247706422,,,,,,,,,,,,,0.463302752293578,,,,soccer_epl
Bovada,spreads,West Ham United,west ham united,-1.0,1.98,West Ham United vs Southampton,0.5050505050505051,,,0.5362997658079626,0.061873536299765775,ðŸ”¥ VALUE,,,,,,,,,,,,,,,,0.4637002341920375,,0.5362997658079626,,soccer_epl
MyBookie.ag,spreads,Southampton,southampton,0.5,2.29,West Ham United vs Southampton,0.4366812227074236,,,0.4637002341920375,0.061873536299765775,ðŸ”¥ VALUE,,,,,,,,,,,,,,,,0.4637002341920375,,0.5362997658079626,,soccer_epl
Wind Creek,totals,Under,under,2.5,2.25,Wolverhampton Wanderers vs Tottenham Hotspur,0.4444444444444444,0.5280898876404494,0.47191011235955055,0.47191011235955055,0.061797752808988804,ðŸ”¥ VALUE,,,,,,,,,,,,,,,,,,,,soccer_epl
Fliff,spreads,Newcastle United,newcastle united,0.0,2.05,Aston Villa vs Newcastle United,0.48780487804878053,,,0.5176470588235295,0.06117647058823539,ðŸ”¥ VALUE,,,0.48235294117647054,0.5176470588235295,,,,,,,,,,,,,,,,soccer_epl
Fliff,spreads,Newcastle United,newcastle united,-1.0,2.05,Newcastle United vs Manchester United,0.48780487804878053,,,0.5176470588235295,0.06117647058823539,ðŸ”¥ VALUE,,,,0.5176470588235295,,,,,,,,,0.48235294117647054,,,,,,,soccer_epl
BetUS,spreads,Manchester United,manchester united,0.5,2.2,Newcastle United vs Manchester United,0.45454545454545453,,,0.48235294117647054,0.061176470588235166,ðŸ”¥ VALUE,,,,0.5176470588235295,,,,,,,,,0.48235294117647054,,,,,,,soccer_epl
MyBookie.ag,spreads,Aston Villa,aston villa,-0.5,2.2,Aston Villa vs Newcastle United,0.45454545454545453,,,0.48235294117647054,0.061176470588235166,ðŸ”¥ VALUE,,,0.48235294117647054,0.5176470588235295,,,,,,,,,,,,,,,,soccer_epl
LowVig.ag,spreads,Brentford,brentford,1.0,1.94,Arsenal vs Brentford,0.5154639175257733,,,0.5465116279069767,0.060232558139534875,ðŸ”¥ VALUE,0.4534883720930232,0.5465116279069767,,,,,,,,,,,,,,,,,,soccer_epl
BetOnline.ag,spreads,Brentford,brentford,1.0,1.94,Arsenal vs Brentford,0.5154639175257733,,,0.5465116279069767,0.060232558139534875,ðŸ”¥ VALUE,0.4534883720930232,0.5465116279069767,,,,,,,,,,,,,,,,,,soccer_epl
Wind Creek,totals,Under,under,2.5,2.25,Newcastle United vs Manchester United,0.4444444444444444,0.5308924485125858,0.4691075514874142,0.4691075514874142,0.05549199084668199,ðŸ”¥ VALUE,,,,,,,,,,,,,,,,,,,,soccer_epl
Bovada,spreads,Brentford,brentford,1.0,1.93,Arsenal vs Brentford,0.5181347150259068,,,0.5465116279069767,0.054767441860465116,ðŸ”¥ VALUE,0.4534883720930232,0.5465116279069767,,,,,,,,,,,,,,,,,,soccer_epl
Bovada,spreads,Crystal Palace,crystal palace,1.0,1.98,Manchester City vs Crystal Palace,0.5050505050505051,,,0.5327102803738317,0.054766355140186906,ðŸ”¥ VALUE,,,,,,,,0.5327102803738317,,,,0.4672897196261682,,,,,,,,soccer_epl
Fliff,spreads,Fulham,fulham,0.0,1.95,Fulham vs Chelsea,0.5128205128205129,,,0.537914691943128,0.04893364928909971,,,,,,,0.537914691943128,,,0.462085308056872,,,,,,,,,,,soccer_epl
Fliff,spreads,Bournemouth,bournemouth,0.0,1.95,Crystal Palace vs Bournemouth,0.5128205128205129,,,0.537914691943128,0.04893364928909971,,,,,,0.537914691943128,,,0.462085308056872,,,,,,,,,,,,soccer_epl
MyBookie.ag,spreads,Chelsea,chelsea,-0.5,2.27,Fulham vs Chelsea,0.44052863436123346,,,0.462085308056872,0.04893364928909949,,,,,,,0.537914691943128,,,0.462085308056872,,,,,,,,,,,soccer_epl
MyBookie.ag,spreads,Crystal Palace,crystal palace,-0.5,2.27,Crystal Palace vs Bournemouth,0.44052863436123346,,,0.462085308056872,0.04893364928909949,,,,,,0.537914691943128,,,0.462085308056872,,,,,,,,,,,,soccer_epl
BetUS,spreads,Aston Villa,aston villa,-1.0,1.95,Southampton vs Aston Villa,0.5128205128205129,,,0.536697247706422,0.04655963302752286,,,,0.536697247706422,,,,,,,,,,,,,0.463302752293578,,,,soccer_epl
MyBookie.ag,totals,Over,over,3.5,2.16,Chelsea vs Ipswich Town,0.4629629629629629,0.48394495412844035,0.5160550458715597,0.48394495412844035,0.045321100917431245,,,,,,,,,,,,,,,,,,,,,soccer_epl
LowVig.ag,spreads,Nottingham Forest,nottingham forest,-0.5,2.1,Nottingham Forest vs Everton,0.47619047619047616,,,0.49760765550239233,0.044976076555024,,,,,,,,,,,,,,,0.5023923444976076,0.49760765550239233,,,,,soccer_epl
BetOnline.ag,spreads,Nottingham Forest,nottingham forest,-0.5,2.1,Nottingham Forest vs Everton,0.47619047619047616,,,0.49760765550239233,0.044976076555024,,,,,,,,,,,,,,,0.5023923444976076,0.49760765550239233,,,,,soccer_epl
Bovada,spreads,Everton,everton,0.25,2.08,Nottingham Forest vs Everton,0.4807692307692307,,,0.5023923444976076,0.04497607655502378,,,,,,,,,,,,,,,0.5023923444976076,0.49760765550239233,,,,,soccer_epl
BetUS,spreads,Crystal Palace,crystal palace,1.0,1.96,Manchester City vs Crystal Palace,0.5102040816326531,,,0.5327102803738317,0.04411214953271014,,,,,,,,,0.5327102803738317,,,,0.4672897196261682,,,,,,,,soccer_epl
BetAnySports,spreads,Crystal Palace,crystal palace,-1.0,1.96,Manchester City vs Crystal Palace,0.5102040816326531,,,0.5327102803738317,0.04411214953271014,,,,,,,,,0.5327102803738317,,,,0.4672897196261682,,,,,,,,soccer_epl
BetAnySports,spreads,Brentford,brentford,-1.0,1.91,Arsenal vs Brentford,0.5235602094240838,,,0.5465116279069767,0.043837209302325375,,0.4534883720930232,0.5465116279069767,,,,,,,,,,,,,,,,,,soccer_epl
Fliff,spreads,Brighton and Hove Albion,brighton and hove albion,0.0,1.91,Brentford vs Brighton and Hove Albion,0.5235602094240838,,,0.5448275862068966,0.040620689655172626,,,0.4551724137931034,,,,,0.5448275862068966,,,,,,,,,,,,,soccer_epl
Fliff,spreads,Tottenham Hotspur,tottenham hotspur,0.0,2.1,Wolverhampton Wanderers vs Tottenham Hotspur,0.47619047619047616,,,0.4955156950672646,0.04058295964125569,,,,,,,,,,,,,,,,,,0.4955156950672646,,0.5044843049327354,soccer_epl
betPARX,totals,Over,over,3.5,2.15,Chelsea vs Ipswich Town,0.46511627906976744,0.48394495412844035,0.5160550458715597,0.48394495412844035,0.04048165137614679,,,,,,,,,,,,,,,,,,,,,soccer_epl
Bally Bet,totals,Over,over,3.5,2.15,Chelsea vs Ipswich Town,0.46511627906976744,0.48394495412844035,0.5160550458715597,0.48394495412844035,0.04048165137614679,,,,,,,,,,,,,,,,,,,,,soccer_epl
BetRivers,totals,Over,over,3.5,2.15,Chelsea vs Ipswich Town,0.46511627906976744,0.48394495412844035,0.5160550458715597,0.48394495412844035,0.04048165137614679,,,,,,,,,,,,,,,,,,,,,soccer_epl
BetMGM,totals,Under,under,1.5,2.3,Bayern MÃ¼nchen vs Internazionale Milano,0.4347826086956522,0.5479452054794521,0.452054794520548,0.452054794520548,0.039726027397260166,,,,,,,,,,,,,,,,,,,,,soccer_uefa_champs_league
BetRivers,totals,Under,under,1.5,2.3,Bayern MÃ¼nchen vs Internazionale Milano,0.4347826086956522,0.5479452054794521,0.452054794520548,0.452054794520548,0.039726027397260166,,,,,,,,,,,,,,,,,,,,,soccer_uefa_champs_league
Bovada,spreads,Aston Villa,aston villa,-1.0,1.93,Southampton vs Aston Villa,0.5181347150259068,,,0.536697247706422,0.03582568807339448,,,,0.536697247706422,,,,,,,,,,,,,0.463302752293578,,,,soccer_epl
BetMGM,totals,Over,over,3.5,2.25,Paris Saint Germain vs Aston Villa,0.4444444444444444,0.46031746031746024,0.5396825396825397,0.46031746031746024,0.03571428571428559,,,,,,,,,,,,,,,,,,,,,soccer_uefa_champs_league
MyBookie.ag,totals,Over,over,3.5,2.24,Liverpool vs West Ham United,0.4464285714285714,0.4622425629290618,0.5377574370709383,0.4622425629290618,0.03542334096109845,,,,,,,,,,,,,,,,,,,,,soccer_epl
MyBookie.ag,totals,Under,under,2.5,2.2,Newcastle United vs Manchester United,0.45454545454545453,0.5308924485125858,0.4691075514874142,0.4691075514874142,0.03203661327231133,,,,,,,,,,,,,,,,,,,,,soccer_epl
BetOnline.ag,totals,Under,under,2.25,1.84,Nottingham Forest vs Everton,0.5434782608695652,0.43914081145584727,0.5608591885441527,0.5608591885441527,0.031980906921241115,,,,,,,,,,,,,,,,,,,,,soccer_epl
Wind Creek,totals,Over,over,2.5,2.35,Nottingham Forest vs Everton,0.425531914893617,0.43914081145584727,0.5608591885441527,0.43914081145584727,0.031980906921241115,,,,,,,,,,,,,,,,,,,,,soccer_epl
BetAnySports,totals,Under,under,2.25,1.84,Nottingham Forest vs Everton,0.5434782608695652,0.43914081145584727,0.5608591885441527,0.5608591885441527,0.031980906921241115,,,,,,,,,,,,,,,,,,,,,soccer_epl
LowVig.ag,totals,Under,under,2.25,1.84,Nottingham Forest vs Everton,0.5434782608695652,0.43914081145584727,0.5608591885441527,0.5608591885441527,0.031980906921241115,,,,,,,,,,,,,,,,,,,,,soccer_epl
MyBookie.ag,totals,Under,under,2.5,2.18,Wolverhampton Wanderers vs Tottenham Hotspur,0.4587155963302752,0.5280898876404494,0.47191011235955055,0.47191011235955055,0.028764044943820233,,,,,,,,,,,,,,,,,,,,,soccer_epl
Bovada,totals,Under,under,2.25,1.83,Nottingham Forest vs Everton,0.5464480874316939,0.43914081145584727,0.5608591885441527,0.5608591885441527,0.02637231503579951,,,,,,,,,,,,,,,,,,,,,soccer_epl
BetAnySports,spreads,Nottingham Forest,nottingham forest,-0.5,2.06,Nottingham Forest vs Everton,0.4854368932038835,,,0.49760765550239233,0.025071770334928134,,,,,,,,,,,,,,,0.5023923444976076,0.49760765550239233,,,,,soccer_epl
Fliff,spreads,Liverpool,liverpool,-2.0,2.05,Leicester City vs Liverpool,0.48780487804878053,,,0.5,0.02499999999999991,,,,,,,,,,,0.5,0.5,,,,,,,,,soccer_epl
MyBookie.ag,spreads,Leicester City,leicester city,1.5,2.05,Leicester City vs Liverpool,0.48780487804878053,,,0.5,0.02499999999999991,,,,,,,,,,,0.5,0.5,,,,,,,,,soccer_epl
LowVig.ag,totals,Over,over,2.75,1.95,Bournemouth vs Fulham,0.5128205128205129,0.524390243902439,0.4756097560975609,0.524390243902439,0.022560975609756007,,,,,,,,,,,,,,,,,,,,,soccer_epl
BetOnline.ag,totals,Over,over,2.75,1.95,Bournemouth vs Fulham,0.5128205128205129,0.524390243902439,0.4756097560975609,0.524390243902439,0.022560975609756007,,,,,,,,,,,,,,,,,,,,,soccer_epl
BetUS,totals,Under,under,2.5,2.15,Bournemouth vs Fulham,0.46511627906976744,0.524390243902439,0.4756097560975609,0.4756097560975609,0.022560975609755785,,,,,,,,,,,,,,,,,,,,,soccer_epl
Fliff,spreads,Brentford,brentford,1.0,1.87,Arsenal vs Brentford,0.53475935828877,,,0.5465116279069767,0.02197674418604656,,0.4534883720930232,0.5465116279069767,,,,,,,,,,,,,,,,,,soccer_epl
LowVig.ag,spreads,Fulham,fulham,0.25,1.99,Bournemouth vs Fulham,0.5025125628140703,,,0.5134474327628362,0.021760391198044182,,,,,,0.48655256723716384,0.5134474327628362,,,,,,,,,,,,,,soccer_epl
BetUS,spreads,Bournemouth,bournemouth,-0.5,2.1,Bournemouth vs Fulham,0.47619047619047616,,,0.48655256723716384,0.021760391198044182,,,,,,0.48655256723716384,0.5134474327628362,,,,,,,,,,,,,,soccer_epl
BetOnline.ag,spreads,Fulham,fulham,0.25,1.99,Bournemouth vs Fulham,0.5025125628140703,,,0.5134474327628362,0.021760391198044182,,,,,,0.48655256723716384,0.5134474327628362,,,,,,,,,,,,,,soccer_epl
BetOnline.ag,totals,Over,over,3.0,1.98,Manchester City vs Crystal Palace,0.5050505050505051,0.5157894736842106,0.4842105263157894,0.5157894736842106,0.021263157894736873,,,,,,,,,,,,,,,,,,,,,soccer_epl
LowVig.ag,totals,Over,over,3.0,1.98,Manchester City vs Crystal Palace,0.5050505050505051,0.5157894736842106,0.4842105263157894,0.5157894736842106,0.021263157894736873,,,,,,,,,,,,,,,,,,,,,soccer_epl
Bovada,totals,Over,over,2.0,2.0,Arsenal vs Real Madrid,0.5,0.5104166666666667,0.4895833333333333,0.5104166666666667,0.02083333333333348,,,,,,,,,,,,,,,,,,,,,soccer_uefa_champs_league
